year_month,mdd
2024-01,-0.33246953395483464
2024-02,-1.3060899484977093
2024-03,-3.267335775082145
2024-04,0.0
2024-05,-0.2881062830130645
2024-06,-0.028897589410301055
2024-07,-1.5165808041867854
2024-08,-0.04190785057335413
2024-09,0.0
2024-10,0.0
2024-11,0.0
2024-12,0.0
2025-01,-0.6019159183138731
2025-02,0.0
2025-03,0.0
2025-04,0.0
2025-05,0.0
