month,monthly_return
2024-01,-0.3375035199999932
2024-02,11.591188968337306
2024-03,0.4487068654069226
2024-04,1.0324698234454477
2024-05,0.2504382827699825
2024-06,-5.3666444827206945
2024-07,10.181876320902617
2024-08,0.5994465236637936
2024-09,-1.6145066414612774
2024-10,19.900541245692406
2024-11,32.640259124867896
2024-12,22.184972406385395
2025-01,39.27683209542992
2025-02,10.289222571489631
2025-03,20.593350662735
2025-04,5.4024362923825064
2025-05,1.555933501510065
