liquidity_status,5만~10만,10만~50만,50만~100만,100만 이상
low,3.614457831325301,48.19277108433735,37.34939759036144,10.843373493975903
normal,0.0,24.161073825503358,36.241610738255034,39.59731543624161
